Workbook
Name DefectCauses: #REF!

Sheet Revision History
A1: ITG-TMP-340
A6: Test case - Revision History
A7: Test case Prepared By | B7: Test case Prepared On | C7: Test case Approved by | D7: Test case approved On
A8: Thirumavalavan P | B8: 30-4-2024 | C8: Selva kumar | D8: 30-4-2024

Sheet Test Cases
A1: ITG-TMP-340
A3: Product Id | B3: NWM_P013 | C3: Product Name | D3: ScreenXchange
A4: Requirement ID/ Ticket ID | B4: BTS-10307 | C4: Component / Code / Pages / Use Case Names: | D4: Vendor, Agent module
A5: Type of Testing | B5: Unit Test
A6: Test Cases
A7: Test Case ID | B7: Test Case | C7: Expected Results | D7: Remarks
A8: 1 | B8: Verify that the "Vendor Initiation Date" and Time is accurately captured and stored in the database when a single check transitions from the Applicant Module to the Primary Vendor Module upon successful submission. | C8: The system captures and stores the current server date and time (DD-MM-YYYY HH:MM:SS) at the moment of submission for the check. | D8: Working as expected
A9: 2 | B9: Verify that the captured "Vendor Initiation Date" and Time for a single check is correctly displayed in the final Check-Level Report with the label "Vendor Initiation Date". | C9: The check-level report shows the accurate "Vendor Initiation Date" and Time. | D9: Working as expected
A10: 3 | B10: Verify that the "Vendor Initiation Date" and Time is displayed in the specified DD-MM-YYYY HH:MM:SS format in the report. | C10: The timestamp in the report is formatted as DD-MM-YYYY HH:MM:SS. | D10: Working as expected
A11: 4 | B11: Attempt to modify the "Vendor Initiation Date" and Time as a Vendor or Agent user. | C11: The "Vendor Initiation Date" and Time field is non-editable and system-generated, ensuring data integrity. | D11: Working as expected
A12: 5 | B12: Initiate a check, allow it to capture the initial "Vendor Initiation Date". Then, have the check rejected by Vendor/QC and sent back to the applicant. Verify that upon applicant's resubmission, the "Vendor Initiation Date" is updated/overwritten to reflect the new submission time. | C12: The "Vendor Initiation Date" in the report and database is updated to the timestamp of the latest applicant resubmission. | D12: Working as expected
A13: 6 | B13: Initiate a request for a client with multiple checks (e.g., Education Check, Employment Check). The applicant completes and submits all checks at once. Verify that all individual checks receive the exact same "Vendor Initiation Date" and Time. | C13: All checks submitted concurrently by the applicant display the identical "Vendor Initiation Date" and Time. | D13: Working as expected
A14: 7 | B14: Initiate a check. Vendor raises an "Insufficiency" and it goes back to the applicant. Applicant resolves the insuff and resubmits. Verify that the "Vendor Initiation Date" reflects the date/time of the applicant's resolution and resubmission. | C14: The "Vendor Initiation Date" is updated to the timestamp when the applicant resolves the insufficiency and resubmits the check. | D14: Working as expected
A15: 8 | B15: Configure a client with a specific preferred timezone (e.g., EST). Initiate a check, and verify that the "Vendor Initiation Date" displayed in the report for that client is localized to their configured timezone. | C15: The "Vendor Initiation Date" in the final report is correctly converted and displayed in the Client's preferred timezone. | D15: Working as expected
A16: 9 | B16: Attempt to submit the applicant form with invalid or incomplete data that triggers validation errors. | C16: The "Vendor Initiation Date" is NOT captured or stored if the applicant submission fails data validation, as the check does not transition to the vendor module. | D16: Working as expected
A17: 10 | B17: Verify that if a candidate has multiple checks (e.g., Education and Employment), each individual check correctly captures its own "Vendor Initiation Date" and Time upon submission. | C17: Each distinct check within a candidate's profile has its own system-generated "Vendor Initiation Date" and Time. | D17: Working as expected
A18: 11 | B18: Verify that there are no discrepancies in the captured "Vendor Initiation Date" and Time when a check is submitted, by comparing the system's recorded time with an external, synchronized time source (assuming system clock synchronization). | C18: The captured "Vendor Initiation Date" and Time is accurate and consistent with the synchronized system clock. | D18: Working as expected
A19: 12 | B19: After initial "Vendor Initiation Date" capture, perform actions that change the check status within the vendor module (e.g., "In Progress", "QC Review"). Verify that the "Vendor Initiation Date" does not change. | C19: The "Vendor Initiation Date" remains the initial capture timestamp and is not updated by subsequent status changes within the vendor workflow, unless it's a re-initiation by the applicant. | D19: Working as expected
A20: 13 | B20: After a successful applicant submission, directly query the database to confirm that the "Vendor Initiation Date" and Time field for the respective check is populated accurately. | C20: The database record for the check contains the correct "Vendor Initiation Date" and Time, confirming the backend logic trigger. | D20: Working as expected

Sheet Test Results - 1
A1: ITG-TMP-340
A3: Product ID | B3: =IF(ISBLANK('Test Cases'!B3)," ",'Test Cases'!B3) | C3: Product Name | D3: ScreenXchange
A4: Type of Testing | B4: =IF(ISBLANK('Test Cases'!B5)," ",'Test Cases'!B5)
A5: Tested By | B5: Thirumavalavan P | C5: Tested On | D5: 46036
A6: Current Phase | B6: UAT
A7: Resolved By | B7: Thirumavalavan P | C7: Resolved On | D7: 46036
A8: Test Results - << Test Cycle number or Reference ID >>
A9: Test Case Id | B9: Test Cases | C9: Actual Results | D9: Remarks
A10: =IF(ISBLANK('Test Cases'!A8)," ",'Test Cases'!A8) | B10: ='Test Cases'!B8 | C10: Pass | D10: NA
A11: =IF(ISBLANK('Test Cases'!A9)," ",'Test Cases'!A9) | B11: ='Test Cases'!B9 | C11: Pass | D11: NA
A12: =IF(ISBLANK('Test Cases'!A10)," ",'Test Cases'!A10) | B12: ='Test Cases'!B10 | C12: Pass | D12: NA
A13: =IF(ISBLANK('Test Cases'!A11)," ",'Test Cases'!A11) | B13: ='Test Cases'!B11 | C13: Pass | D13: NA
A14: =IF(ISBLANK('Test Cases'!A12)," ",'Test Cases'!A12) | B14: ='Test Cases'!B12 | C14: Pass | D14: NA
A15: 6 | B15: ='Test Cases'!B13 | C15: Pass | D15: NA
A16: 7 | B16: ='Test Cases'!B14 | C16: Pass | D16: NA
A17: 8 | B17: ='Test Cases'!B15 | C17: Pass | D17: NA
A18: 9 | B18: ='Test Cases'!B16 | C18: Pass | D18: NA
A19: 10 | B19: ='Test Cases'!B17 | C19: Pass | D19: NA
A20: 11 | B20: ='Test Cases'!B18 | C20: Pass | D20: NA
A21: =IF(ISBLANK('Test Cases'!A19)," ",'Test Cases'!A19) | B21: =IF(ISBLANK('Test Cases'!B19)," ",'Test Cases'!B19) | C21: Pass | D21: NA
A22: =IF(ISBLANK('Test Cases'!A20)," ",'Test Cases'!A20) | B22: =IF(ISBLANK('Test Cases'!B20)," ",'Test Cases'!B20) | C22: Pass | D22: NA
A23: =IF(ISBLANK('Test Cases'!A21)," ",'Test Cases'!A21) | B23: =IF(ISBLANK('Test Cases'!B21)," ",'Test Cases'!B21)
A24: =IF(ISBLANK('Test Cases'!A22)," ",'Test Cases'!A22) | B24: =IF(ISBLANK('Test Cases'!B22)," ",'Test Cases'!B22)
A25: =IF(ISBLANK('Test Cases'!A23)," ",'Test Cases'!A23) | B25: =IF(ISBLANK('Test Cases'!B23)," ",'Test Cases'!B23)
A26: =IF(ISBLANK('Test Cases'!A24)," ",'Test Cases'!A24) | B26: =IF(ISBLANK('Test Cases'!B24)," ",'Test Cases'!B24)
A27: =IF(ISBLANK('Test Cases'!A25)," ",'Test Cases'!A25) | B27: =IF(ISBLANK('Test Cases'!B25)," ",'Test Cases'!B25)
A28: =IF(ISBLANK('Test Cases'!A26)," ",'Test Cases'!A26) | B28: =IF(ISBLANK('Test Cases'!B26)," ",'Test Cases'!B26)
A29: =IF(ISBLANK('Test Cases'!A27)," ",'Test Cases'!A27) | B29: =IF(ISBLANK('Test Cases'!B27)," ",'Test Cases'!B27)
A30: =IF(ISBLANK('Test Cases'!A28)," ",'Test Cases'!A28) | B30: =IF(ISBLANK('Test Cases'!B28)," ",'Test Cases'!B28)

Sheet Def Dtls-SnapShot
